{"cameraMode":{"drawMode":0,"name":"Shaded","section":"Shading Mode"},"sceneLighting":true,"audioPlay":false,"sceneViewState":{"showFog":true,"showMaterialUpdate":false,"showSkybox":true,"showFlares":true,"showImageEffects":true,"showParticleSystems":true},"in2DMode":false,"pivot":{"x":-5.60546875,"y":0.24468994140625,"z":-3.224609375},"rotation":{"x":0.16743388772010804,"y":0.001973864622414112,"z":-0.00033515639370307326,"w":0.9858813881874085},"size":8.643817901611329,"orthographic":true}