{"cameraMode":{"drawMode":0,"name":"Shaded","section":"Shading Mode"},"sceneLighting":true,"audioPlay":false,"sceneViewState":{"showFog":true,"showMaterialUpdate":false,"showSkybox":true,"showFlares":true,"showImageEffects":true,"showParticleSystems":true},"in2DMode":false,"pivot":{"x":-1.1187262535095215,"y":1.8317277431488038,"z":-0.0728311538696289},"rotation":{"x":-0.099942147731781,"y":0.8749881982803345,"z":-0.20469696819782258,"w":-0.4272080659866333},"size":7.244753360748291,"orthographic":false}