{"cameraMode":{"drawMode":0,"name":"Shaded","section":"Shading Mode"},"sceneLighting":true,"audioPlay":false,"sceneViewState":{"showFog":true,"showMaterialUpdate":false,"showSkybox":true,"showFlares":true,"showImageEffects":true,"showParticleSystems":true},"in2DMode":false,"pivot":{"x":-0.5610909461975098,"y":0.6362701654434204,"z":-0.9198338985443115},"rotation":{"x":-0.06433340907096863,"y":0.8871148228645325,"z":-0.1302744448184967,"w":-0.4380835294723511},"size":6.679396629333496,"orthographic":false}